KernelAdd, 32, $2^{10}$, 0.175968
KernelAdd, 32, $2^{11}$, 0.0096
KernelAdd, 32, $2^{12}$, 0.007648
KernelAdd, 32, $2^{13}$, 0.006112
KernelAdd, 32, $2^{14}$, 0.004096
KernelAdd, 32, $2^{15}$, 0.010528
KernelAdd, 32, $2^{16}$, 0.009248
KernelAdd, 32, $2^{17}$, 0.01488
KernelAdd, 32, $2^{18}$, 0.016928
KernelAdd, 32, $2^{19}$, 0.027232
KernelAdd, 32, $2^{20}$, 0.04352
KernelAdd, 32, $2^{21}$, 0.077376
KernelAdd, 32, $2^{22}$, 0.145888
KernelAdd, 32, $2^{23}$, 0.279488
KernelAdd, 32, $2^{24}$, 0.541952
KernelAdd, 32, $2^{25}$, 1.07334
KernelAdd, 32, $2^{26}$, 2.1336
KernelAdd, 32, $2^{27}$, 4.27594
KernelAdd, 32, $2^{28}$, 8.33562
KernelAdd, 32, $2^{29}$, 16.2076
KernelAdd, 64, $2^{10}$, 0.020736
KernelAdd, 64, $2^{11}$, 0.00928
KernelAdd, 64, $2^{12}$, 0.00496
KernelAdd, 64, $2^{13}$, 0.004096
KernelAdd, 64, $2^{14}$, 0.004096
KernelAdd, 64, $2^{15}$, 0.010208
KernelAdd, 64, $2^{16}$, 0.006848
KernelAdd, 64, $2^{17}$, 0.009888
KernelAdd, 64, $2^{18}$, 0.010528
KernelAdd, 64, $2^{19}$, 0.015072
KernelAdd, 64, $2^{20}$, 0.024192
KernelAdd, 64, $2^{21}$, 0.047072
KernelAdd, 64, $2^{22}$, 0.096192
KernelAdd, 64, $2^{23}$, 0.187968
KernelAdd, 64, $2^{24}$, 0.373056
KernelAdd, 64, $2^{25}$, 0.741568
KernelAdd, 64, $2^{26}$, 1.46922
KernelAdd, 64, $2^{27}$, 2.89405
KernelAdd, 64, $2^{28}$, 5.79405
KernelAdd, 64, $2^{29}$, 11.5824
KernelAdd, 128, $2^{10}$, 0.021056
KernelAdd, 128, $2^{11}$, 0.007616
KernelAdd, 128, $2^{12}$, 0.007616
KernelAdd, 128, $2^{13}$, 0.005376
KernelAdd, 128, $2^{14}$, 0.004096
KernelAdd, 128, $2^{15}$, 0.009664
KernelAdd, 128, $2^{16}$, 0.006656
KernelAdd, 128, $2^{17}$, 0.01088
KernelAdd, 128, $2^{18}$, 0.009696
KernelAdd, 128, $2^{19}$, 0.014688
KernelAdd, 128, $2^{20}$, 0.02432
KernelAdd, 128, $2^{21}$, 0.049984
KernelAdd, 128, $2^{22}$, 0.093536
KernelAdd, 128, $2^{23}$, 0.184832
KernelAdd, 128, $2^{24}$, 0.369472
KernelAdd, 128, $2^{25}$, 0.735776
KernelAdd, 128, $2^{26}$, 1.44624
KernelAdd, 128, $2^{27}$, 2.8888
KernelAdd, 128, $2^{28}$, 5.78259
KernelAdd, 128, $2^{29}$, 11.5974
KernelAdd, 256, $2^{10}$, 0.022528
KernelAdd, 256, $2^{11}$, 0.008128
KernelAdd, 256, $2^{12}$, 0.006304
KernelAdd, 256, $2^{13}$, 0.005888
KernelAdd, 256, $2^{14}$, 0.003776
KernelAdd, 256, $2^{15}$, 0.009568
KernelAdd, 256, $2^{16}$, 0.006144
KernelAdd, 256, $2^{17}$, 0.012768
KernelAdd, 256, $2^{18}$, 0.008832
KernelAdd, 256, $2^{19}$, 0.014144
KernelAdd, 256, $2^{20}$, 0.023136
KernelAdd, 256, $2^{21}$, 0.046176
KernelAdd, 256, $2^{22}$, 0.0952
KernelAdd, 256, $2^{23}$, 0.1864
KernelAdd, 256, $2^{24}$, 0.37392
KernelAdd, 256, $2^{25}$, 0.739584
KernelAdd, 256, $2^{26}$, 1.47542
KernelAdd, 256, $2^{27}$, 2.89581
KernelAdd, 256, $2^{28}$, 5.78522
KernelAdd, 256, $2^{29}$, 11.587
KernelAdd, 512, $2^{10}$, 0.018432
KernelAdd, 512, $2^{11}$, 0.007456
KernelAdd, 512, $2^{12}$, 0.006144
KernelAdd, 512, $2^{13}$, 0.004928
KernelAdd, 512, $2^{14}$, 0.004096
KernelAdd, 512, $2^{15}$, 0.009184
KernelAdd, 512, $2^{16}$, 0.006464
KernelAdd, 512, $2^{17}$, 0.011008
KernelAdd, 512, $2^{18}$, 0.00912
KernelAdd, 512, $2^{19}$, 0.015296
KernelAdd, 512, $2^{20}$, 0.024096
KernelAdd, 512, $2^{21}$, 0.051104
KernelAdd, 512, $2^{22}$, 0.095392
KernelAdd, 512, $2^{23}$, 0.185952
KernelAdd, 512, $2^{24}$, 0.367488
KernelAdd, 512, $2^{25}$, 0.734048
KernelAdd, 512, $2^{26}$, 1.47514
KernelAdd, 512, $2^{27}$, 2.8967
KernelAdd, 512, $2^{28}$, 5.79027
KernelAdd, 512, $2^{29}$, 11.6149
KernelAdd, 1024, $2^{10}$, 0.022208
KernelAdd, 1024, $2^{11}$, 0.008192
KernelAdd, 1024, $2^{12}$, 0.006048
KernelAdd, 1024, $2^{13}$, 0.004096
KernelAdd, 1024, $2^{14}$, 0.003712
KernelAdd, 1024, $2^{15}$, 0.010464
KernelAdd, 1024, $2^{16}$, 0.00576
KernelAdd, 1024, $2^{17}$, 0.01008
KernelAdd, 1024, $2^{18}$, 0.013088
KernelAdd, 1024, $2^{19}$, 0.01728
KernelAdd, 1024, $2^{20}$, 0.025344
KernelAdd, 1024, $2^{21}$, 0.052992
KernelAdd, 1024, $2^{22}$, 0.098208
KernelAdd, 1024, $2^{23}$, 0.187744
KernelAdd, 1024, $2^{24}$, 0.374496
KernelAdd, 1024, $2^{25}$, 0.741504
KernelAdd, 1024, $2^{26}$, 1.46838
KernelAdd, 1024, $2^{27}$, 2.91344
KernelAdd, 1024, $2^{28}$, 5.80797
KernelAdd, 1024, $2^{29}$, 11.651
KernelMul, 32, $2^{10}$, 0.168768
KernelMul, 32, $2^{11}$, 0.009024
KernelMul, 32, $2^{12}$, 0.006336
KernelMul, 32, $2^{13}$, 0.00512
KernelMul, 32, $2^{14}$, 0.004224
KernelMul, 32, $2^{15}$, 0.010272
KernelMul, 32, $2^{16}$, 0.008992
KernelMul, 32, $2^{17}$, 0.01408
KernelMul, 32, $2^{18}$, 0.01616
KernelMul, 32, $2^{19}$, 0.026656
KernelMul, 32, $2^{20}$, 0.04336
KernelMul, 32, $2^{21}$, 0.078048
KernelMul, 32, $2^{22}$, 0.141696
KernelMul, 32, $2^{23}$, 0.276928
KernelMul, 32, $2^{24}$, 0.54096
KernelMul, 32, $2^{25}$, 1.08291
KernelMul, 32, $2^{26}$, 2.13792
KernelMul, 32, $2^{27}$, 4.26442
KernelMul, 32, $2^{28}$, 8.54547
KernelMul, 32, $2^{29}$, 16.1094
KernelMul, 64, $2^{10}$, 0.023936
KernelMul, 64, $2^{11}$, 0.00784
KernelMul, 64, $2^{12}$, 0.006272
KernelMul, 64, $2^{13}$, 0.005504
KernelMul, 64, $2^{14}$, 0.004096
KernelMul, 64, $2^{15}$, 0.01056
KernelMul, 64, $2^{16}$, 0.006848
KernelMul, 64, $2^{17}$, 0.011136
KernelMul, 64, $2^{18}$, 0.01072
KernelMul, 64, $2^{19}$, 0.017376
KernelMul, 64, $2^{20}$, 0.025472
KernelMul, 64, $2^{21}$, 0.051584
KernelMul, 64, $2^{22}$, 0.096992
KernelMul, 64, $2^{23}$, 0.187584
KernelMul, 64, $2^{24}$, 0.370208
KernelMul, 64, $2^{25}$, 0.73344
KernelMul, 64, $2^{26}$, 1.44957
KernelMul, 64, $2^{27}$, 2.88826
KernelMul, 64, $2^{28}$, 5.78534
KernelMul, 64, $2^{29}$, 11.6014
KernelMul, 128, $2^{10}$, 0.024
KernelMul, 128, $2^{11}$, 0.008192
KernelMul, 128, $2^{12}$, 0.006144
KernelMul, 128, $2^{13}$, 0.004544
KernelMul, 128, $2^{14}$, 0.004064
KernelMul, 128, $2^{15}$, 0.00976
KernelMul, 128, $2^{16}$, 0.00672
KernelMul, 128, $2^{17}$, 0.010976
KernelMul, 128, $2^{18}$, 0.01008
KernelMul, 128, $2^{19}$, 0.01504
KernelMul, 128, $2^{20}$, 0.024768
KernelMul, 128, $2^{21}$, 0.050528
KernelMul, 128, $2^{22}$, 0.095552
KernelMul, 128, $2^{23}$, 0.18912
KernelMul, 128, $2^{24}$, 0.37008
KernelMul, 128, $2^{25}$, 0.73824
KernelMul, 128, $2^{26}$, 1.47402
KernelMul, 128, $2^{27}$, 2.89306
KernelMul, 128, $2^{28}$, 5.79542
KernelMul, 128, $2^{29}$, 11.6155
KernelMul, 256, $2^{10}$, 0.024832
KernelMul, 256, $2^{11}$, 0.008256
KernelMul, 256, $2^{12}$, 0.006144
KernelMul, 256, $2^{13}$, 0.006048
KernelMul, 256, $2^{14}$, 0.004096
KernelMul, 256, $2^{15}$, 0.008832
KernelMul, 256, $2^{16}$, 0.006944
KernelMul, 256, $2^{17}$, 0.01024
KernelMul, 256, $2^{18}$, 0.009536
KernelMul, 256, $2^{19}$, 0.01456
KernelMul, 256, $2^{20}$, 0.02448
KernelMul, 256, $2^{21}$, 0.047264
KernelMul, 256, $2^{22}$, 0.09776
KernelMul, 256, $2^{23}$, 0.188832
KernelMul, 256, $2^{24}$, 0.370336
KernelMul, 256, $2^{25}$, 0.734688
KernelMul, 256, $2^{26}$, 1.47328
KernelMul, 256, $2^{27}$, 2.89245
KernelMul, 256, $2^{28}$, 5.7904
KernelMul, 256, $2^{29}$, 11.6297
KernelMul, 512, $2^{10}$, 0.03456
KernelMul, 512, $2^{11}$, 0.00816
KernelMul, 512, $2^{12}$, 0.006144
KernelMul, 512, $2^{13}$, 0.004768
KernelMul, 512, $2^{14}$, 0.004096
KernelMul, 512, $2^{15}$, 0.010016
KernelMul, 512, $2^{16}$, 0.005952
KernelMul, 512, $2^{17}$, 0.010496
KernelMul, 512, $2^{18}$, 0.009888
KernelMul, 512, $2^{19}$, 0.013888
KernelMul, 512, $2^{20}$, 0.025248
KernelMul, 512, $2^{21}$, 0.05136
KernelMul, 512, $2^{22}$, 0.09104
KernelMul, 512, $2^{23}$, 0.188192
KernelMul, 512, $2^{24}$, 0.369568
KernelMul, 512, $2^{25}$, 0.738752
KernelMul, 512, $2^{26}$, 1.47085
KernelMul, 512, $2^{27}$, 2.89133
KernelMul, 512, $2^{28}$, 5.79485
KernelMul, 512, $2^{29}$, 11.6132
KernelMul, 1024, $2^{10}$, 0.02048
KernelMul, 1024, $2^{11}$, 0.008256
KernelMul, 1024, $2^{12}$, 0.007744
KernelMul, 1024, $2^{13}$, 0.005024
KernelMul, 1024, $2^{14}$, 0.004096
KernelMul, 1024, $2^{15}$, 0.010432
KernelMul, 1024, $2^{16}$, 0.006912
KernelMul, 1024, $2^{17}$, 0.0096
KernelMul, 1024, $2^{18}$, 0.014944
KernelMul, 1024, $2^{19}$, 0.017216
KernelMul, 1024, $2^{20}$, 0.027776
KernelMul, 1024, $2^{21}$, 0.054592
KernelMul, 1024, $2^{22}$, 0.094752
KernelMul, 1024, $2^{23}$, 0.19024
KernelMul, 1024, $2^{24}$, 0.368192
KernelMul, 1024, $2^{25}$, 0.726176
KernelMul, 1024, $2^{26}$, 1.46528
KernelMul, 1024, $2^{27}$, 2.9065
KernelMul, 1024, $2^{28}$, 5.81328
KernelMul, 1024, $2^{29}$, 11.649
KernelMatrixAdd, 32, 32*32, 0.168384
KernelMatrixAdd, 32, 64*32, 0.010752
KernelMatrixAdd, 32, 64*64, 0.008512
KernelMatrixAdd, 32, 128*64, 0.006272
KernelMatrixAdd, 32, 128*128, 0.013344
KernelMatrixAdd, 32, 256*128, 0.00992
KernelMatrixAdd, 32, 256*256, 0.010336
KernelMatrixAdd, 32, 512*256, 0.01456
KernelMatrixAdd, 32, 512*512, 0.020704
KernelMatrixAdd, 32, 1024*512, 0.026464
KernelMatrixAdd, 32, 1024*1024, 0.0448
KernelMatrixAdd, 32, 2048*1024, 0.080096
KernelMatrixAdd, 32, 2048*2048, 0.144608
KernelMatrixAdd, 32, 4096*2048, 0.273408
KernelMatrixAdd, 32, 4096*4096, 0.547872
KernelMatrixAdd, 32, 8192*4096, 1.07859
KernelMatrixAdd, 32, 8192*8192, 2.12595
KernelMatrixAdd, 32, 16384*8192, 4.26093
KernelMatrixAdd, 32, 16384*16384, 8.51747
KernelMatrixAdd, 32, 32768*16384, 16.4393
KernelMatrixAdd, 64, 32*32, 0.022912
KernelMatrixAdd, 64, 64*32, 0.008768
KernelMatrixAdd, 64, 64*64, 0.006496
KernelMatrixAdd, 64, 128*64, 0.004704
KernelMatrixAdd, 64, 128*128, 0.011392
KernelMatrixAdd, 64, 256*128, 0.00784
KernelMatrixAdd, 64, 256*256, 0.005312
KernelMatrixAdd, 64, 512*256, 0.00976
KernelMatrixAdd, 64, 512*512, 0.012096
KernelMatrixAdd, 64, 1024*512, 0.015744
KernelMatrixAdd, 64, 1024*1024, 0.026816
KernelMatrixAdd, 64, 2048*1024, 0.051968
KernelMatrixAdd, 64, 2048*2048, 0.096768
KernelMatrixAdd, 64, 4096*2048, 0.187936
KernelMatrixAdd, 64, 4096*4096, 0.372288
KernelMatrixAdd, 64, 8192*4096, 0.733568
KernelMatrixAdd, 64, 8192*8192, 1.44534
KernelMatrixAdd, 64, 16384*8192, 2.88902
KernelMatrixAdd, 64, 16384*16384, 5.79021
KernelMatrixAdd, 64, 32768*16384, 11.617
KernelMatrixAdd, 128, 32*32, 0.023104
KernelMatrixAdd, 128, 64*32, 0.008448
KernelMatrixAdd, 128, 64*64, 0.006528
KernelMatrixAdd, 128, 128*64, 0.004736
KernelMatrixAdd, 128, 128*128, 0.011552
KernelMatrixAdd, 128, 256*128, 0.007808
KernelMatrixAdd, 128, 256*256, 0.006624
KernelMatrixAdd, 128, 512*256, 0.0096
KernelMatrixAdd, 128, 512*512, 0.01104
KernelMatrixAdd, 128, 1024*512, 0.014432
KernelMatrixAdd, 128, 1024*1024, 0.02656
KernelMatrixAdd, 128, 2048*1024, 0.051328
KernelMatrixAdd, 128, 2048*2048, 0.10336
KernelMatrixAdd, 128, 4096*2048, 0.188096
KernelMatrixAdd, 128, 4096*4096, 0.3728
KernelMatrixAdd, 128, 8192*4096, 0.740224
KernelMatrixAdd, 128, 8192*8192, 1.47571
KernelMatrixAdd, 128, 16384*8192, 2.88963
KernelMatrixAdd, 128, 16384*16384, 5.77651
KernelMatrixAdd, 128, 32768*16384, 11.6282
KernelMatrixAdd, 256, 32*32, 0.023968
KernelMatrixAdd, 256, 64*32, 0.009824
KernelMatrixAdd, 256, 64*64, 0.006656
KernelMatrixAdd, 256, 128*64, 0.006944
KernelMatrixAdd, 256, 128*128, 0.010816
KernelMatrixAdd, 256, 256*128, 0.007712
KernelMatrixAdd, 256, 256*256, 0.00512
KernelMatrixAdd, 256, 512*256, 0.010368
KernelMatrixAdd, 256, 512*512, 0.0096
KernelMatrixAdd, 256, 1024*512, 0.015584
KernelMatrixAdd, 256, 1024*1024, 0.027264
KernelMatrixAdd, 256, 2048*1024, 0.051616
KernelMatrixAdd, 256, 2048*2048, 0.093856
KernelMatrixAdd, 256, 4096*2048, 0.184896
KernelMatrixAdd, 256, 4096*4096, 0.368288
KernelMatrixAdd, 256, 8192*4096, 0.727008
KernelMatrixAdd, 256, 8192*8192, 1.4511
KernelMatrixAdd, 256, 16384*8192, 2.89261
KernelMatrixAdd, 256, 16384*16384, 5.78832
KernelMatrixAdd, 256, 32768*16384, 11.6111
KernelMatrixAdd, 512, 32*32, 0.02256
KernelMatrixAdd, 512, 64*32, 0.00928
KernelMatrixAdd, 512, 64*64, 0.00656
KernelMatrixAdd, 512, 128*64, 0.00448
KernelMatrixAdd, 512, 128*128, 0.01056
KernelMatrixAdd, 512, 256*128, 0.007104
KernelMatrixAdd, 512, 256*256, 0.005984
KernelMatrixAdd, 512, 512*256, 0.010368
KernelMatrixAdd, 512, 512*512, 0.008448
KernelMatrixAdd, 512, 1024*512, 0.01392
KernelMatrixAdd, 512, 1024*1024, 0.026592
KernelMatrixAdd, 512, 2048*1024, 0.051936
KernelMatrixAdd, 512, 2048*2048, 0.094976
KernelMatrixAdd, 512, 4096*2048, 0.186496
KernelMatrixAdd, 512, 4096*4096, 0.3736
KernelMatrixAdd, 512, 8192*4096, 0.741568
KernelMatrixAdd, 512, 8192*8192, 1.468
KernelMatrixAdd, 512, 16384*8192, 2.89453
KernelMatrixAdd, 512, 16384*16384, 5.79206
KernelMatrixAdd, 512, 32768*16384, 11.6227
KernelMatrixAdd, 1024, 32*32, 0.02192
KernelMatrixAdd, 1024, 64*32, 0.008832
KernelMatrixAdd, 1024, 64*64, 0.006848
KernelMatrixAdd, 1024, 128*64, 0.00544
KernelMatrixAdd, 1024, 128*128, 0.011232
KernelMatrixAdd, 1024, 256*128, 0.008032
KernelMatrixAdd, 1024, 256*256, 0.006048
KernelMatrixAdd, 1024, 512*256, 0.010048
KernelMatrixAdd, 1024, 512*512, 0.009632
KernelMatrixAdd, 1024, 1024*512, 0.018464
KernelMatrixAdd, 1024, 1024*1024, 0.028928
KernelMatrixAdd, 1024, 2048*1024, 0.051264
KernelMatrixAdd, 1024, 2048*2048, 0.09552
KernelMatrixAdd, 1024, 4096*2048, 0.187712
KernelMatrixAdd, 1024, 4096*4096, 0.37136
KernelMatrixAdd, 1024, 8192*4096, 0.74016
KernelMatrixAdd, 1024, 8192*8192, 1.46755
KernelMatrixAdd, 1024, 16384*8192, 2.90618
KernelMatrixAdd, 1024, 16384*16384, 5.80256
KernelMatrixAdd, 1024, 32768*16384, 11.6461
MatrixVectorMul, 32, 32*32, 0.186752
MatrixVectorMul, 32, 64*32, 0.010048
MatrixVectorMul, 32, 64*64, 0.008384
MatrixVectorMul, 32, 128*64, 0.00864
MatrixVectorMul, 32, 128*128, 0.01024
MatrixVectorMul, 32, 256*128, 0.011584
MatrixVectorMul, 32, 256*256, 0.020928
MatrixVectorMul, 32, 512*256, 0.021632
MatrixVectorMul, 32, 512*512, 0.03584
MatrixVectorMul, 32, 1024*512, 0.036864
MatrixVectorMul, 32, 1024*1024, 0.064064
MatrixVectorMul, 32, 2048*1024, 0.116448
MatrixVectorMul, 32, 2048*2048, 0.144096
MatrixVectorMul, 32, 4096*2048, 0.250912
MatrixVectorMul, 32, 4096*4096, 0.453984
MatrixVectorMul, 32, 8192*4096, 0.95408
MatrixVectorMul, 32, 8192*8192, 2.2431
MatrixVectorMul, 32, 16384*8192, 4.49594
MatrixVectorMul, 32, 16384*16384, 8.97629
MatrixVectorMul, 32, 32768*16384, 18.4176
MatrixVectorMul, 32, 32768*32768, 36.3845
MatrixVectorMul, 64, 32*32, 0.022208
MatrixVectorMul, 64, 64*32, 0.008192
MatrixVectorMul, 64, 64*64, 0.008768
MatrixVectorMul, 64, 128*64, 0.006144
MatrixVectorMul, 64, 128*128, 0.008192
MatrixVectorMul, 64, 256*128, 0.006944
MatrixVectorMul, 64, 256*256, 0.011584
MatrixVectorMul, 64, 512*256, 0.010528
MatrixVectorMul, 64, 512*512, 0.016384
MatrixVectorMul, 64, 1024*512, 0.017568
MatrixVectorMul, 64, 1024*1024, 0.026848
MatrixVectorMul, 64, 2048*1024, 0.046688
MatrixVectorMul, 64, 2048*2048, 0.06144
MatrixVectorMul, 64, 4096*2048, 0.11264
MatrixVectorMul, 64, 4096*4096, 0.237568
MatrixVectorMul, 64, 8192*4096, 0.515584
MatrixVectorMul, 64, 8192*8192, 1.61434
MatrixVectorMul, 64, 16384*8192, 3.23994
MatrixVectorMul, 64, 16384*16384, 7.18445
MatrixVectorMul, 64, 32768*16384, 14.8505
MatrixVectorMul, 64, 32768*32768, 29.1512
MatrixVectorMul, 128, 32*32, 0.021088
MatrixVectorMul, 128, 64*32, 0.007296
MatrixVectorMul, 128, 64*64, 0.007904
MatrixVectorMul, 128, 128*64, 0.0072
MatrixVectorMul, 128, 128*128, 0.006592
MatrixVectorMul, 128, 256*128, 0.007648
MatrixVectorMul, 128, 256*256, 0.010624
MatrixVectorMul, 128, 512*256, 0.01248
MatrixVectorMul, 128, 512*512, 0.018208
MatrixVectorMul, 128, 1024*512, 0.016704
MatrixVectorMul, 128, 1024*1024, 0.026752
MatrixVectorMul, 128, 2048*1024, 0.043008
MatrixVectorMul, 128, 2048*2048, 0.060128
MatrixVectorMul, 128, 4096*2048, 0.110944
MatrixVectorMul, 128, 4096*4096, 0.239136
MatrixVectorMul, 128, 8192*4096, 0.471296
MatrixVectorMul, 128, 8192*8192, 1.58461
MatrixVectorMul, 128, 16384*8192, 2.94131
MatrixVectorMul, 128, 16384*16384, 6.12826
MatrixVectorMul, 128, 32768*16384, 11.7099
MatrixVectorMul, 128, 32768*32768, 23.2756
MatrixVectorMul, 256, 32*32, 0.020896
MatrixVectorMul, 256, 64*32, 0.008192
MatrixVectorMul, 256, 64*64, 0.006144
MatrixVectorMul, 256, 128*64, 0.00688
MatrixVectorMul, 256, 128*128, 0.006144
MatrixVectorMul, 256, 256*128, 0.006624
MatrixVectorMul, 256, 256*256, 0.011296
MatrixVectorMul, 256, 512*256, 0.012288
MatrixVectorMul, 256, 512*512, 0.016416
MatrixVectorMul, 256, 1024*512, 0.01728
MatrixVectorMul, 256, 1024*1024, 0.026624
MatrixVectorMul, 256, 2048*1024, 0.043104
MatrixVectorMul, 256, 2048*2048, 0.063008
MatrixVectorMul, 256, 4096*2048, 0.116064
MatrixVectorMul, 256, 4096*4096, 0.247328
MatrixVectorMul, 256, 8192*4096, 0.479072
MatrixVectorMul, 256, 8192*8192, 1.59203
MatrixVectorMul, 256, 16384*8192, 2.94922
MatrixVectorMul, 256, 16384*16384, 6.14762
MatrixVectorMul, 256, 32768*16384, 11.7699
MatrixVectorMul, 256, 32768*32768, 23.3798
MatrixVectorMul, 512, 32*32, 0.031008
MatrixVectorMul, 512, 64*32, 0.006656
MatrixVectorMul, 512, 64*64, 0.006656
MatrixVectorMul, 512, 128*64, 0.006144
MatrixVectorMul, 512, 128*128, 0.00672
MatrixVectorMul, 512, 256*128, 0.006144
MatrixVectorMul, 512, 256*256, 0.01024
MatrixVectorMul, 512, 512*256, 0.011264
MatrixVectorMul, 512, 512*512, 0.016384
MatrixVectorMul, 512, 1024*512, 0.016544
MatrixVectorMul, 512, 1024*1024, 0.026368
MatrixVectorMul, 512, 2048*1024, 0.042528
MatrixVectorMul, 512, 2048*2048, 0.064032
MatrixVectorMul, 512, 4096*2048, 0.125056
MatrixVectorMul, 512, 4096*4096, 0.244704
MatrixVectorMul, 512, 8192*4096, 0.497664
MatrixVectorMul, 512, 8192*8192, 1.02096
MatrixVectorMul, 512, 16384*8192, 2.07677
MatrixVectorMul, 512, 16384*16384, 5.31866
MatrixVectorMul, 512, 32768*16384, 10.2755
MatrixVectorMul, 512, 32768*32768, 19.4744
MatrixVectorMul, 1024, 32*32, 0.018624
MatrixVectorMul, 1024, 64*32, 0.008192
MatrixVectorMul, 1024, 64*64, 0.006144
MatrixVectorMul, 1024, 128*64, 0.00752
MatrixVectorMul, 1024, 128*128, 0.006144
MatrixVectorMul, 1024, 256*128, 0.00736
MatrixVectorMul, 1024, 256*256, 0.010464
MatrixVectorMul, 1024, 512*256, 0.01168
MatrixVectorMul, 1024, 512*512, 0.016384
MatrixVectorMul, 1024, 1024*512, 0.01968
MatrixVectorMul, 1024, 1024*1024, 0.03072
MatrixVectorMul, 1024, 2048*1024, 0.0512
MatrixVectorMul, 1024, 2048*2048, 0.104256
MatrixVectorMul, 1024, 4096*2048, 0.202304
MatrixVectorMul, 1024, 4096*4096, 0.399264
MatrixVectorMul, 1024, 8192*4096, 0.789216
MatrixVectorMul, 1024, 8192*8192, 1.6425
MatrixVectorMul, 1024, 16384*8192, 3.28704
MatrixVectorMul, 1024, 16384*16384, 8.52582
MatrixVectorMul, 1024, 32768*16384, 16.9012
MatrixVectorMul, 1024, 32768*32768, 32.6164
ScalarMulTwoReductions, 32, $2^{10}$, 0.302976
ScalarMulSumPlusReduction, 32, $2^{10}$, 0.032928
ScalarMulSumPlusReduction, 32, $2^{11}$, 0.01616
ScalarMulSumPlusReduction, 32, $2^{12}$, 0.014336
ScalarMulSumPlusReduction, 32, $2^{13}$, 0.015872
ScalarMulSumPlusReduction, 32, $2^{14}$, 0.014912
ScalarMulSumPlusReduction, 32, $2^{15}$, 0.023328
ScalarMulSumPlusReduction, 32, $2^{16}$, 0.027488
ScalarMulSumPlusReduction, 32, $2^{17}$, 0.043904
ScalarMulSumPlusReduction, 32, $2^{18}$, 0.068512
ScalarMulSumPlusReduction, 32, $2^{19}$, 0.121728
ScalarMulSumPlusReduction, 32, $2^{20}$, 0.36672
ScalarMulSumPlusReduction, 32, $2^{21}$, 0.734112
ScalarMulSumPlusReduction, 32, $2^{22}$, 1.44624
ScalarMulSumPlusReduction, 32, $2^{23}$, 2.85802
ScalarMulSumPlusReduction, 32, $2^{24}$, 5.68931
ScalarMulSumPlusReduction, 32, $2^{25}$, 11.3307
ScalarMulSumPlusReduction, 32, $2^{26}$, 22.7304
ScalarMulSumPlusReduction, 32, $2^{27}$, 44.1298
ScalarMulSumPlusReduction, 32, $2^{28}$, 91.1757
ScalarMulTwoReductions, 64, $2^{10}$, 0.031872
ScalarMulSumPlusReduction, 64, $2^{10}$, 0.012928
ScalarMulTwoReductions, 64, $2^{11}$, 0.012352
ScalarMulSumPlusReduction, 64, $2^{11}$, 0.012672
ScalarMulTwoReductions, 64, $2^{12}$, 0.011712
ScalarMulSumPlusReduction, 64, $2^{12}$, 0.012288
ScalarMulSumPlusReduction, 64, $2^{13}$, 0.011072
ScalarMulSumPlusReduction, 64, $2^{14}$, 0.010848
ScalarMulSumPlusReduction, 64, $2^{15}$, 0.01664
ScalarMulSumPlusReduction, 64, $2^{16}$, 0.014368
ScalarMulSumPlusReduction, 64, $2^{17}$, 0.019968
ScalarMulSumPlusReduction, 64, $2^{18}$, 0.022272
ScalarMulSumPlusReduction, 64, $2^{19}$, 0.034528
ScalarMulSumPlusReduction, 64, $2^{20}$, 0.086624
ScalarMulSumPlusReduction, 64, $2^{21}$, 0.167104
ScalarMulSumPlusReduction, 64, $2^{22}$, 0.314528
ScalarMulSumPlusReduction, 64, $2^{23}$, 0.61584
ScalarMulSumPlusReduction, 64, $2^{24}$, 1.20736
ScalarMulSumPlusReduction, 64, $2^{25}$, 2.39408
ScalarMulSumPlusReduction, 64, $2^{26}$, 4.77178
ScalarMulSumPlusReduction, 64, $2^{27}$, 11.5845
ScalarMulSumPlusReduction, 64, $2^{28}$, 23.1626
ScalarMulTwoReductions, 128, $2^{10}$, 0.032768
ScalarMulSumPlusReduction, 128, $2^{10}$, 0.015136
ScalarMulTwoReductions, 128, $2^{11}$, 0.014336
ScalarMulSumPlusReduction, 128, $2^{11}$, 0.01248
ScalarMulTwoReductions, 128, $2^{12}$, 0.014336
ScalarMulSumPlusReduction, 128, $2^{12}$, 0.012288
ScalarMulTwoReductions, 128, $2^{13}$, 0.01056
ScalarMulSumPlusReduction, 128, $2^{13}$, 0.010304
ScalarMulTwoReductions, 128, $2^{14}$, 0.01216
ScalarMulSumPlusReduction, 128, $2^{14}$, 0.012224
ScalarMulSumPlusReduction, 128, $2^{15}$, 0.017856
ScalarMulSumPlusReduction, 128, $2^{16}$, 0.02144
ScalarMulSumPlusReduction, 128, $2^{17}$, 0.017248
ScalarMulSumPlusReduction, 128, $2^{18}$, 0.018624
ScalarMulSumPlusReduction, 128, $2^{19}$, 0.024512
ScalarMulSumPlusReduction, 128, $2^{20}$, 0.039136
ScalarMulSumPlusReduction, 128, $2^{21}$, 0.065536
ScalarMulSumPlusReduction, 128, $2^{22}$, 0.115392
ScalarMulSumPlusReduction, 128, $2^{23}$, 0.216992
ScalarMulSumPlusReduction, 128, $2^{24}$, 0.436832
ScalarMulSumPlusReduction, 128, $2^{25}$, 0.873472
ScalarMulSumPlusReduction, 128, $2^{26}$, 1.75478
ScalarMulSumPlusReduction, 128, $2^{27}$, 3.70355
ScalarMulSumPlusReduction, 128, $2^{28}$, 7.31658
ScalarMulTwoReductions, 256, $2^{10}$, 0.035392
ScalarMulSumPlusReduction, 256, $2^{10}$, 0.016064
ScalarMulTwoReductions, 256, $2^{11}$, 0.032736
ScalarMulSumPlusReduction, 256, $2^{11}$, 0.014336
ScalarMulTwoReductions, 256, $2^{12}$, 0.017952
ScalarMulSumPlusReduction, 256, $2^{12}$, 0.012256
ScalarMulTwoReductions, 256, $2^{13}$, 0.012512
ScalarMulSumPlusReduction, 256, $2^{13}$, 0.012288
ScalarMulTwoReductions, 256, $2^{14}$, 0.01024
ScalarMulSumPlusReduction, 256, $2^{14}$, 0.010592
ScalarMulTwoReductions, 256, $2^{15}$, 0.016608
ScalarMulSumPlusReduction, 256, $2^{15}$, 0.012832
ScalarMulTwoReductions, 256, $2^{16}$, 0.019712
ScalarMulSumPlusReduction, 256, $2^{16}$, 0.014976
ScalarMulSumPlusReduction, 256, $2^{17}$, 0.017152
ScalarMulSumPlusReduction, 256, $2^{18}$, 0.01488
ScalarMulSumPlusReduction, 256, $2^{19}$, 0.017536
ScalarMulSumPlusReduction, 256, $2^{20}$, 0.027392
ScalarMulSumPlusReduction, 256, $2^{21}$, 0.04832
ScalarMulSumPlusReduction, 256, $2^{22}$, 0.084096
ScalarMulSumPlusReduction, 256, $2^{23}$, 0.130816
ScalarMulSumPlusReduction, 256, $2^{24}$, 0.256352
ScalarMulSumPlusReduction, 256, $2^{25}$, 0.481184
ScalarMulSumPlusReduction, 256, $2^{26}$, 0.950016
ScalarMulSumPlusReduction, 256, $2^{27}$, 2.07706
ScalarMulSumPlusReduction, 256, $2^{28}$, 4.54227
ScalarMulTwoReductions, 512, $2^{10}$, 0.032768
ScalarMulSumPlusReduction, 512, $2^{10}$, 0.015744
ScalarMulTwoReductions, 512, $2^{11}$, 0.01376
ScalarMulSumPlusReduction, 512, $2^{11}$, 0.014144
ScalarMulTwoReductions, 512, $2^{12}$, 0.012288
ScalarMulSumPlusReduction, 512, $2^{12}$, 0.016288
ScalarMulTwoReductions, 512, $2^{13}$, 0.010848
ScalarMulSumPlusReduction, 512, $2^{13}$, 0.01152
ScalarMulTwoReductions, 512, $2^{14}$, 0.01024
ScalarMulSumPlusReduction, 512, $2^{14}$, 0.012288
ScalarMulTwoReductions, 512, $2^{15}$, 0.014976
ScalarMulSumPlusReduction, 512, $2^{15}$, 0.014976
ScalarMulTwoReductions, 512, $2^{16}$, 0.018912
ScalarMulSumPlusReduction, 512, $2^{16}$, 0.013248
ScalarMulTwoReductions, 512, $2^{17}$, 0.016704
ScalarMulSumPlusReduction, 512, $2^{17}$, 0.017376
ScalarMulTwoReductions, 512, $2^{18}$, 0.016736
ScalarMulSumPlusReduction, 512, $2^{18}$, 0.01968
ScalarMulSumPlusReduction, 512, $2^{19}$, 0.02256
ScalarMulSumPlusReduction, 512, $2^{20}$, 0.028192
ScalarMulSumPlusReduction, 512, $2^{21}$, 0.04992
ScalarMulSumPlusReduction, 512, $2^{22}$, 0.079584
ScalarMulSumPlusReduction, 512, $2^{23}$, 0.133312
ScalarMulSumPlusReduction, 512, $2^{24}$, 0.250848
ScalarMulSumPlusReduction, 512, $2^{25}$, 0.484128
ScalarMulSumPlusReduction, 512, $2^{26}$, 0.939104
ScalarMulSumPlusReduction, 512, $2^{27}$, 1.87334
ScalarMulSumPlusReduction, 512, $2^{28}$, 3.76426
ScalarMulTwoReductions, 1024, $2^{10}$, 0.067584
ScalarMulSumPlusReduction, 1024, $2^{10}$, 0.018784
ScalarMulTwoReductions, 1024, $2^{11}$, 0.014336
ScalarMulSumPlusReduction, 1024, $2^{11}$, 0.016384
ScalarMulTwoReductions, 1024, $2^{12}$, 0.015008
ScalarMulSumPlusReduction, 1024, $2^{12}$, 0.016192
ScalarMulTwoReductions, 1024, $2^{13}$, 0.012288
ScalarMulSumPlusReduction, 1024, $2^{13}$, 0.015904
ScalarMulTwoReductions, 1024, $2^{14}$, 0.010944
ScalarMulSumPlusReduction, 1024, $2^{14}$, 0.015264
ScalarMulTwoReductions, 1024, $2^{15}$, 0.01776
ScalarMulSumPlusReduction, 1024, $2^{15}$, 0.019392
ScalarMulTwoReductions, 1024, $2^{16}$, 0.015584
ScalarMulSumPlusReduction, 1024, $2^{16}$, 0.026432
ScalarMulTwoReductions, 1024, $2^{17}$, 0.016896
ScalarMulSumPlusReduction, 1024, $2^{17}$, 0.024032
ScalarMulTwoReductions, 1024, $2^{18}$, 0.01744
ScalarMulSumPlusReduction, 1024, $2^{18}$, 0.027968
ScalarMulTwoReductions, 1024, $2^{19}$, 0.022784
ScalarMulSumPlusReduction, 1024, $2^{19}$, 0.038048
ScalarMulTwoReductions, 1024, $2^{20}$, 0.033408
ScalarMulSumPlusReduction, 1024, $2^{20}$, 0.056704
ScalarMulSumPlusReduction, 1024, $2^{21}$, 0.06848
ScalarMulSumPlusReduction, 1024, $2^{22}$, 0.088704
ScalarMulSumPlusReduction, 1024, $2^{23}$, 0.149888
ScalarMulSumPlusReduction, 1024, $2^{24}$, 0.259392
ScalarMulSumPlusReduction, 1024, $2^{25}$, 0.495584
ScalarMulSumPlusReduction, 1024, $2^{26}$, 0.965696
ScalarMulSumPlusReduction, 1024, $2^{27}$, 1.90598
ScalarMulSumPlusReduction, 1024, $2^{28}$, 3.78784
CosineVector, 32, $2^{10}$, 1.47722
CosineVector, 32, $2^{11}$, 0.832704
CosineVector, 32, $2^{12}$, 0.812864
CosineVector, 32, $2^{13}$, 0.840192
CosineVector, 32, $2^{14}$, 0.892352
CosineVector, 32, $2^{15}$, 1.1137
CosineVector, 32, $2^{16}$, 1.26845
CosineVector, 32, $2^{17}$, 1.52685
CosineVector, 32, $2^{18}$, 2.81379
CosineVector, 32, $2^{19}$, 4.32589
CosineVector, 32, $2^{20}$, 6.49091
CosineVector, 32, $2^{21}$, 11.6994
CosineVector, 32, $2^{22}$, 22.5245
CosineVector, 32, $2^{23}$, 41.6822
CosineVector, 32, $2^{24}$, 81.4498
CosineVector, 32, $2^{25}$, 153.86
CosineVector, 32, $2^{26}$, 300.313
CosineVector, 32, $2^{27}$, 708.253
CosineVector, 32, $2^{28}$, 1236.13
CosineVector, 64, $2^{10}$, 2.44755
CosineVector, 64, $2^{11}$, 0.798368
CosineVector, 64, $2^{12}$, 0.808544
CosineVector, 64, $2^{13}$, 0.8208
CosineVector, 64, $2^{14}$, 0.868672
CosineVector, 64, $2^{15}$, 0.969248
CosineVector, 64, $2^{16}$, 1.12787
CosineVector, 64, $2^{17}$, 1.42115
CosineVector, 64, $2^{18}$, 2.29712
CosineVector, 64, $2^{19}$, 3.85315
CosineVector, 64, $2^{20}$, 5.77002
CosineVector, 64, $2^{21}$, 9.68582
CosineVector, 64, $2^{22}$, 18.0308
CosineVector, 64, $2^{23}$, 36.0097
CosineVector, 64, $2^{24}$, 65.9687
CosineVector, 64, $2^{25}$, 127.416
CosineVector, 64, $2^{26}$, 248.516
CosineVector, 64, $2^{27}$, 538.12
CosineVector, 64, $2^{28}$, 990.828
CosineVector, 128, $2^{10}$, 2.36118
CosineVector, 128, $2^{11}$, 0.7952
CosineVector, 128, $2^{12}$, 0.797696
CosineVector, 128, $2^{13}$, 0.823808
CosineVector, 128, $2^{14}$, 0.879264
CosineVector, 128, $2^{15}$, 0.962528
CosineVector, 128, $2^{16}$, 1.13162
CosineVector, 128, $2^{17}$, 1.41053
CosineVector, 128, $2^{18}$, 2.4575
CosineVector, 128, $2^{19}$, 6.47533
CosineVector, 128, $2^{20}$, 8.45843
CosineVector, 128, $2^{21}$, 10.6834
CosineVector, 128, $2^{22}$, 17.1488
CosineVector, 128, $2^{23}$, 33.0243
CosineVector, 128, $2^{24}$, 64.3331
CosineVector, 128, $2^{25}$, 122.611
CosineVector, 128, $2^{26}$, 239.341
CosineVector, 128, $2^{27}$, 544.958
CosineVector, 128, $2^{28}$, 1037.72
CosineVector, 256, $2^{10}$, 2.3865
CosineVector, 256, $2^{11}$, 0.800832
CosineVector, 256, $2^{12}$, 0.847616
CosineVector, 256, $2^{13}$, 0.832768
CosineVector, 256, $2^{14}$, 0.884864
CosineVector, 256, $2^{15}$, 0.950912
CosineVector, 256, $2^{16}$, 1.13037
CosineVector, 256, $2^{17}$, 1.43606
CosineVector, 256, $2^{18}$, 2.30403
CosineVector, 256, $2^{19}$, 3.80653
CosineVector, 256, $2^{20}$, 5.66122
CosineVector, 256, $2^{21}$, 9.39094
CosineVector, 256, $2^{22}$, 17.2581
CosineVector, 256, $2^{23}$, 33.6415
CosineVector, 256, $2^{24}$, 95.2412
CosineVector, 256, $2^{25}$, 122.895
CosineVector, 256, $2^{26}$, 237.25
CosineVector, 256, $2^{27}$, 472.247
CosineVector, 256, $2^{28}$, 947.483
CosineVector, 512, $2^{10}$, 4.31626
CosineVector, 512, $2^{11}$, 0.818496
CosineVector, 512, $2^{12}$, 0.822048
CosineVector, 512, $2^{13}$, 0.8344
CosineVector, 512, $2^{14}$, 0.882944
CosineVector, 512, $2^{15}$, 0.9616
CosineVector, 512, $2^{16}$, 2.2815
CosineVector, 512, $2^{17}$, 1.41258
CosineVector, 512, $2^{18}$, 2.26275
CosineVector, 512, $2^{19}$, 3.78675
CosineVector, 512, $2^{20}$, 5.61203
CosineVector, 512, $2^{21}$, 9.55606
CosineVector, 512, $2^{22}$, 17.3035
CosineVector, 512, $2^{23}$, 35.2467
CosineVector, 512, $2^{24}$, 62.4176
CosineVector, 512, $2^{25}$, 121.019
CosineVector, 512, $2^{26}$, 233.278
CosineVector, 512, $2^{27}$, 466.66
CosineVector, 512, $2^{28}$, 1008.24
CosineVector, 1024, $2^{10}$, 2.4328
CosineVector, 1024, $2^{11}$, 0.812896
CosineVector, 1024, $2^{12}$, 0.8192
CosineVector, 1024, $2^{13}$, 0.839104
CosineVector, 1024, $2^{14}$, 0.88752
CosineVector, 1024, $2^{15}$, 0.965024
CosineVector, 1024, $2^{16}$, 1.14301
CosineVector, 1024, $2^{17}$, 1.43402
CosineVector, 1024, $2^{18}$, 2.28723
CosineVector, 1024, $2^{19}$, 3.83488
CosineVector, 1024, $2^{20}$, 9.53914
CosineVector, 1024, $2^{21}$, 13.5007
CosineVector, 1024, $2^{22}$, 17.1508
CosineVector, 1024, $2^{23}$, 32.7291
CosineVector, 1024, $2^{24}$, 61.6165
CosineVector, 1024, $2^{25}$, 119.017
CosineVector, 1024, $2^{26}$, 232.572
CosineVector, 1024, $2^{27}$, 498.821
CosineVector, 1024, $2^{28}$, 927.157
MatrixMul, 64, 32*32*32, 0.177856
MatrixMul, 64, 64*64*64, 0.012288
MatrixMul, 64, 128*128*128, 0.016736
MatrixMul, 64, 256*256*256, 0.09856
MatrixMul, 64, 512*512*512, 0.680032
MatrixMul, 64, 1024*1024*1024, 5.21206
MatrixMul, 64, 2048*2048*2048, 41.5068
MatrixMul, 64, 4096*4096*4096, 301.641
MatrixMul, 64, 8192*8192*8192, 1938.65
MatrixMul, 64, 16384*16384*16384, 15734.1
MatrixMul, 256, 32*32*32, 0.031136
MatrixMul, 256, 64*64*64, 0.011872
MatrixMul, 256, 128*128*128, 0.020992
MatrixMul, 256, 256*256*256, 0.130272
MatrixMul, 256, 512*512*512, 0.930976
MatrixMul, 256, 1024*1024*1024, 7.1896
MatrixMul, 256, 2048*2048*2048, 56.7813
MatrixMul, 256, 4096*4096*4096, 453.546
MatrixMul, 256, 8192*8192*8192, 3626.92
MatrixMul, 256, 16384*16384*16384, 29081
MatrixMul, 1024, 32*32*32, 0.051776
MatrixMul, 1024, 64*64*64, 0.05264
MatrixMul, 1024, 128*128*128, 0.092288
MatrixMul, 1024, 256*256*256, 0.361088
MatrixMul, 1024, 512*512*512, 2.78086
MatrixMul, 1024, 1024*1024*1024, 22.1124
MatrixMul, 1024, 2048*2048*2048, 168.864
MatrixMul, 1024, 4096*4096*4096, 1338.89
MatrixMul, 1024, 8192*8192*8192, 10685.4
MatrixMul, 1024, 16384*16384*16384, 85485.1
